k,m,u_mass,c_v,c_uci,c_npmi,alpha,eta
5,10,-2.67914680097511,0.404471186148642,0.0547959519514424,0.0191564225264589,1,0.001
5,20,-3.106471308220622,0.3834660432535358,0.062115792999879,0.0156419915077912,1,0.001
5,30,-3.354278996612879,0.3750508308841956,0.0175753403133674,0.0120099060166249,1,0.001
5,10,-2.9556631653870347,0.3584876422304905,-0.0220550888265811,0.0039577497622474,1,0.01
5,20,-3.1835439816746307,0.3322806557650896,-0.0418244121254079,0.003695788837014,1,0.01
5,30,-3.4487333978704555,0.3293409764604824,-0.0643967103407962,0.0030260115991802,1,0.01
5,10,-2.773402895503616,0.4012195145399961,0.0462451684723707,0.017534404527042,1,0.1
5,20,-3.0372857248319427,0.3344212379386953,0.000706098974971,0.0055429554935412,1,0.1
5,30,-3.319464108311009,0.3394381654163143,0.0096279893722139,0.0071120616277634,1,0.1
5,10,-5.814467491782255,0.3443498876923647,-1.2866556449381037,-0.0452133321146925,1,0.5
5,20,-6.036313832565402,0.3832912960701606,-1.225790410101551,-0.0391379196943137,1,0.5
5,30,-6.2761724334372415,0.4085249399193359,-1.2086932718153522,-0.0376226089944,1,0.5
5,10,-5.055324587721037,0.3443486546285903,-1.3959019555564975,-0.0410137166327643,1,1.0
5,20,-6.12373700370175,0.3778631025639924,-1.7662320802216882,-0.0563567056523763,1,1.0
5,30,-6.534789975823816,0.399987372351979,-1.67862089022841,-0.0539181687485666,1,1.0
5,10,-2.668862015742878,0.396067239757656,0.0572114392144468,0.0182208341735602,10,0.001
5,20,-3.0955435639598288,0.3495946108579637,0.0185684889800333,0.0089208441098869,10,0.001
5,30,-3.386102706124684,0.3722144958688942,0.0218555302192706,0.0126420543776865,10,0.001
5,10,-2.784182747747712,0.3574029500235379,-0.0293773189500309,0.0041731400869732,10,0.01
5,20,-3.103278954899252,0.3391992015135599,0.0061414666698233,0.0071505726213527,10,0.01
5,30,-3.3385649425348505,0.343402885823458,0.0147496533124621,0.0089393063481042,10,0.01
5,10,-2.965825948349317,0.3671906696537393,0.0010174918455499,0.0082355082461984,10,0.1
5,20,-3.110693589991236,0.3104642683644503,-0.08078556184908,-0.001631084965046,10,0.1
5,30,-3.2602482865475677,0.2986676496221713,-0.0707554469489733,-0.0033002101885787,10,0.1
5,10,-2.893212741373438,0.3524926325402487,-0.0491238904782028,0.0002649273181375,10,0.5
5,20,-3.1437353548228324,0.3118133498638553,-0.0327589613977435,0.0014200257657199,10,0.5
5,30,-3.426533854611422,0.3172022621617082,-0.0368606805041613,0.0018696602879037,10,0.5
5,10,-3.0092360176715665,0.3343926166905676,-0.095480468307545,-0.0080426849261177,10,1.0
5,20,-3.2186592762129638,0.3233147657559825,-0.0160757728135626,0.0037409796301178,10,1.0
5,30,-3.5432161916454183,0.3260384952590559,-0.0549899918327671,0.0044107646793754,10,1.0
5,10,-3.127611687709993,0.3662835449043841,-0.0455129838537049,0.0089995054796827,50,0.001
5,20,-3.3062632341883003,0.3539489553460468,-0.0531308707564082,0.007755387067045,50,0.001
5,30,-3.4839515257788976,0.3568162214452286,-0.0302912172082715,0.0090146609245641,50,0.001
5,10,-2.7791966779855963,0.3579614950115308,-0.0335559753303921,0.0030374564976949,50,0.01
5,20,-3.1048885047502823,0.3403368873817805,0.0103228601898514,0.0075937169101986,50,0.01
5,30,-3.3460992638460723,0.3476084991586644,0.0192292679883522,0.009456894652244,50,0.01
5,10,-2.851269223627037,0.3419488609828612,-0.0533552643027442,-0.0006939433013693,50,0.1
5,20,-3.094213883058495,0.3234118032738729,-0.0147067561938242,0.0039251992985073,50,0.1
5,30,-3.3016947938968726,0.3241964717478737,-0.0092643848216115,0.004142883139698,50,0.1
5,10,-2.8944225673827515,0.3130592599552,-0.0941809561537783,-0.0073642930931955,50,0.5
5,20,-3.148199664288127,0.3176425678372824,-0.0227036025825973,0.0030863746264945,50,0.5
5,30,-3.426418335546009,0.321245985062749,-0.0442274705504812,0.0025603104325298,50,0.5
5,10,-2.950688333490852,0.3480451577566477,-0.0448362229081688,0.0008398040109419,50,1.0
5,20,-3.233211817641441,0.3189755482595393,-0.0139557419947171,0.0040660846803236,50,1.0
5,30,-3.5040007849914483,0.3154968543823765,-0.0680890325669447,0.0023594858225952,50,1.0
5,10,-2.827332620306279,0.3705292377155917,-0.0176257989890726,0.0057275018015149,100,0.001
5,20,-3.1084304429804948,0.3510236125467775,0.0150078827737151,0.0085407249623311,100,0.001
5,30,-3.4129854863219293,0.3580623903704893,0.0134461063342456,0.0114783913384489,100,0.001
5,10,-2.794729642557924,0.371055200653079,-0.0180976350607141,0.0061458680147832,100,0.01
5,20,-3.106245366099261,0.3459425254690453,0.0201739455648406,0.0089593189352496,100,0.01
5,30,-3.373919775844544,0.3543847970105876,0.0231844943552273,0.0101417614134284,100,0.01
5,10,-2.8494304658165897,0.3558263965392222,-0.0354513805441023,0.0026095023919873,100,0.1
5,20,-3.086303978337012,0.324239018610608,-0.013398610219387,0.0043364617179258,100,0.1
5,30,-3.3308949382460407,0.326461980851449,-0.0172600414704472,0.0038048125849331,100,0.1
5,10,-2.86231148956481,0.3196414404543814,-0.084330269452772,-0.006015699477584,100,0.5
5,20,-3.1539731797812323,0.3247135444958953,-0.0071577611446321,0.0054125657428204,100,0.5
5,30,-3.3903323944014616,0.3241554284577092,-0.0139260040258596,0.0043514347011086,100,0.5
5,10,-3.120342215135211,0.314142684340397,-0.1459520254888383,-0.0076776473392102,100,1.0
5,20,-3.262912181205573,0.3140299464717914,-0.0352016006903594,0.0040229036468718,100,1.0
5,30,-3.4575288521360554,0.3093879473333441,-0.0434029083379374,0.0033887943939064,100,1.0
5,10,-2.779668617365461,0.4045640718398142,0.0546658957249222,0.0188511969884917,250,0.001
5,20,-3.0943345867741856,0.3703720152061417,0.0371146026443113,0.011922839613376,250,0.001
5,30,-3.293958261193011,0.3880246329082083,0.0650039220944047,0.0147670783000367,250,0.001
5,10,-2.735532278719744,0.3579614950115308,-0.033555975330392,0.0030374564976949,250,0.01
5,20,-3.0985376561784204,0.3348213672208542,-0.0043283434361007,0.0056650395537101,250,0.01
5,30,-3.3704958125506352,0.3453808208213765,0.0215497633706223,0.0098328176879381,250,0.01
5,10,-2.849792639471826,0.3482388735551874,-0.0511434277964557,-0.0002839218949408,250,0.1
5,20,-3.0856813586608816,0.3243290941225417,-0.0124332582155135,0.0043546504140483,250,0.1
5,30,-3.3327659587626592,0.3325577582912689,0.0059891536613775,0.0064330067305865,250,0.1
5,10,-2.8858101689922195,0.3345864800332407,-0.0694786171472168,-0.0033053154065534,250,0.5
5,20,-3.110811114348966,0.3168711225150388,-0.0235154886847462,0.0031242303977408,250,0.5
5,30,-3.4499366007652044,0.3186663992862347,-0.0683795553618961,0.0025389764956619,250,0.5
5,10,-3.191615770529788,0.3400900885087085,-0.0778117871799776,0.0036188150466973,250,1.0
5,20,-3.266541450984607,0.3194559148199681,-0.0240011314531104,0.0062407508746242,250,1.0
5,30,-3.4857768181836883,0.313743026588768,-0.0666584252312802,0.0033315689924592,250,1.0
10,10,-3.11153501564539,0.5035780478925245,0.1681066042796915,0.0466209875054278,1,0.001
10,20,-3.3172671049913256,0.4579549444566962,0.1683824970270571,0.0352759022361952,1,0.001
10,30,-3.537510320265349,0.4312023462632829,0.0624873196437748,0.0248379346417234,1,0.001
10,10,-3.029482442841296,0.4938574839520727,0.2789020635443848,0.0526969943167705,1,0.01
10,20,-3.219862825524926,0.4400595361027543,0.16625395142544,0.0334337718502317,1,0.01
10,30,-3.589281751402068,0.4070748319162895,-0.0271063887347166,0.0186941312145819,1,0.01
10,10,-3.0065853850554545,0.4641127694388171,0.2461614299975433,0.0419128254554358,1,0.1
10,20,-3.270743731791665,0.4204295887170052,0.122933245474642,0.0280842911485271,1,0.1
10,30,-3.5143486731008915,0.4062652636600655,0.0613140318513198,0.0204847430933707,1,0.1
10,10,-3.299232365155583,0.5036137220386593,0.1963111162831095,0.0526870417222973,1,0.5
10,20,-3.6665426740632103,0.4557736378016209,0.0090667649522719,0.0314208882061454,1,0.5
10,30,-4.0268041333988025,0.4309018905028131,-0.1843755632086665,0.0174755694835601,1,0.5
10,10,-4.769067558642274,0.5232060311017481,-0.081186713275645,0.0787518552406213,1,1.0
10,20,-5.74047936934413,0.5000175742444035,-1.0418900987922912,0.0151847523917816,1,1.0
10,30,-6.393128448672576,0.4626990348646379,-1.4894144459203054,-0.0170421454666965,1,1.0
10,10,-2.887255618574628,0.497197083211564,0.2788309321755972,0.0515230821032245,10,0.001
10,20,-3.2952091148610423,0.4379246200715563,0.1524301240353374,0.0338171483148105,10,0.001
10,30,-3.612322555267773,0.4196844319129578,0.0211500174735356,0.0227326011382529,10,0.001
10,10,-2.941417751090863,0.4719522780556399,0.1618047852868699,0.0390987503247416,10,0.01
10,20,-3.199585546771747,0.4305104891271931,0.1551774286704088,0.029556088739894,10,0.01
10,30,-3.4266242258990465,0.4070591493147547,0.06843512879062,0.0204370059874833,10,0.01
10,10,-2.9166377933462377,0.4682428380321256,0.2408505156407729,0.0420307634564722,10,0.1
10,20,-3.292791083534655,0.4202345759802879,0.1038668197034539,0.0259370979066952,10,0.1
10,30,-3.51017360074441,0.4198299754277892,0.0724834925451297,0.0233077051285294,10,0.1
10,10,-3.150892865953275,0.4897852158731246,0.2897428871490663,0.0516607940284623,10,0.5
10,20,-3.914489299060056,0.4245121208188667,-0.0666496884844285,0.0310865521700541,10,0.5
10,30,-4.416042335461503,0.3980632530011869,-0.3839508496175147,0.0152611081951526,10,0.5
10,10,-5.407648617064714,0.5358940706433276,-0.1801665966703629,0.0819871421866942,10,1.0
10,20,-5.700842028531332,0.4890488175077558,-0.630741646966613,0.0336437141567781,10,1.0
10,30,-6.276460142783217,0.4766210597507387,-1.0734263959295671,0.0053349021412323,10,1.0
10,10,-2.9681885641198744,0.5049570477545416,0.2685018836878313,0.0543139450612534,50,0.001
10,20,-3.317586618885225,0.4504304773954654,0.1386466621250745,0.0326649486818662,50,0.001
10,30,-3.483741327151054,0.4308833751892103,0.1070761630108457,0.0258565136472739,50,0.001
10,10,-2.96109410114278,0.4993622931628781,0.3367765935088284,0.0558752533649285,50,0.01
10,20,-3.2152847284123034,0.4292881774138949,0.120419632867222,0.0289699751350594,50,0.01
10,30,-3.4938122894913244,0.4120403727608039,0.0719759273798169,0.0220815823369546,50,0.01
10,10,-2.9916124286031573,0.4761041365618847,0.2042089781853153,0.0435188721291353,50,0.1
10,20,-3.253746699446752,0.4286873908872916,0.1575660342989663,0.0303694995953371,50,0.1
10,30,-3.4392737199851795,0.4027547517130647,0.069888558962194,0.0202129464756717,50,0.1
10,10,-3.1525789128838384,0.5006042460345138,0.2902987847398934,0.0577225534425234,50,0.5
10,20,-3.531874349710936,0.4400915998678166,0.0611548697773155,0.0322289091978556,50,0.5
10,30,-3.778616592505279,0.4173187566048751,-0.0428817592384973,0.022407588524921,50,0.5
10,10,-5.879438072024482,0.4509268207495277,-0.961448605569802,0.0059216435622367,50,1.0
10,20,-6.427676447521927,0.4417212161107542,-1.2113247573584305,-0.0173267416764221,50,1.0
10,30,-6.672704667553629,0.4621418845381712,-1.377896153522262,-0.0287405640443928,50,1.0
10,10,-2.911919561241672,0.5037169179486338,0.2857679087824737,0.0518053493038374,100,0.001
10,20,-3.2245549559021294,0.4586271097205726,0.2072886305406522,0.0376640952989994,100,0.001
10,30,-3.4983260556722517,0.4454898477501706,0.118978874107314,0.0284443985784577,100,0.001
10,10,-2.8947361469318813,0.4781432466916609,0.2636905111210247,0.0457505406345263,100,0.01
10,20,-3.2501737074969173,0.4286423376964533,0.1055209024084138,0.027863823508386,100,0.01
10,30,-3.5171727648877638,0.4208939541010389,0.0673774178236753,0.0214819175158488,100,0.01
10,10,-2.9721371395725917,0.4708539506552064,0.227019963148808,0.0475997705845569,100,0.1
10,20,-3.19521474168972,0.4202958358268259,0.1320006269242614,0.0270177530754262,100,0.1
10,30,-3.4498795569055822,0.4100705766798129,0.0882923138028313,0.0213986104439296,100,0.1
10,10,-3.239785657630449,0.4867470207594328,0.2568651397365302,0.0508845502281887,100,0.5
10,20,-4.217951131806039,0.414111257230113,-0.3444450675425247,0.0178763015442883,100,0.5
10,30,-4.464901470273,0.3996450808045577,-0.4773307651759225,0.0100616747937418,100,0.5
10,10,-4.345576513498895,0.5259520994536477,0.2420744346963154,0.0965501318629934,100,1.0
10,20,-4.902609906158138,0.4774032263171192,-0.3157339732864349,0.0502809874512265,100,1.0
10,30,-5.633398940852813,0.4504906860320804,-0.776938837082267,0.0191781385942711,100,1.0
10,10,-2.939294410521012,0.4952734718418111,0.318133058210031,0.0577858616832635,250,0.001
10,20,-3.235324049069848,0.4530294600207981,0.1979522458415537,0.0359612703929341,250,0.001
10,30,-3.485001815395566,0.4282712013367411,0.0981690284841784,0.0253557952022941,250,0.001
10,10,-2.9131069608522933,0.4633341827317094,0.2078085405980783,0.0367424593313961,250,0.01
10,20,-3.2675416771111685,0.4315836815943268,0.1211830145349418,0.0285870698286054,250,0.01
10,30,-3.453182806425308,0.4222658511722215,0.1029304257979155,0.0237371934779171,250,0.01
10,10,-2.8805303653528265,0.4681156770259804,0.2437595139918144,0.0420705125580688,250,0.1
10,20,-3.3361027587138614,0.4292649004361931,0.139260339402883,0.0303224705602297,250,0.1
10,30,-3.522448959375173,0.4097279754266279,0.0671202281768156,0.0212332545436619,250,0.1
10,10,-3.0092350093433007,0.5234839014055163,0.384881468680447,0.0639512139428668,250,0.5
10,20,-3.371886209362853,0.459406953425638,0.2160360538165026,0.0413519855821493,250,0.5
10,30,-3.781359080685644,0.4235219562240727,-0.0509465853886396,0.0228461866846108,250,0.5
10,10,-5.894866761836074,0.4617137000566291,-1.134595166672514,-0.0031847676485974,250,1.0
10,20,-6.31407938919436,0.4359238408488946,-1.3617754468320298,-0.0224880019858581,250,1.0
10,30,-6.524271783478494,0.4505959896736417,-1.405402267964107,-0.0271395214015272,250,1.0
15,10,-2.956165479973237,0.5463588206080646,0.4273145340542467,0.0701050890971593,1,0.001
15,20,-3.4010693562080565,0.4884201422288156,0.2395778950927213,0.0455425308873008,1,0.001
15,30,-3.644899450540479,0.4543833576967291,0.0819497113179585,0.0299916634386549,1,0.001
15,10,-2.9413120723021797,0.5202607444883331,0.3368339487665262,0.0618525118487992,1,0.01
15,20,-3.4014566701001825,0.469239335239046,0.1839646604184844,0.0398315804557777,1,0.01
15,30,-3.611539969355525,0.4442493661821503,0.0772676190742675,0.0274436500971373,1,0.01
15,10,-4.012911267437372,0.5299835243901198,-0.0047088262493667,0.0523449193606327,1,0.1
15,20,-4.337389622260043,0.4799893685369827,-0.2203276055663438,0.0235338094931713,1,0.1
15,30,-4.803336967504107,0.4512341425920051,-0.4471763968178541,0.0084492557271166,1,0.1
15,10,-4.60687147518914,0.5654028623428022,0.0794243676096873,0.0964911293698944,1,0.5
15,20,-5.661061444943278,0.4826342097270216,-0.7351632730927196,0.0378822598898771,1,0.5
15,30,-6.239179708732777,0.4323945733920669,-1.2606427328271297,0.0032072491387864,1,0.5
15,10,-9.407304814590256,0.4526476104975077,-2.326066003843108,-0.0340662037623691,1,1.0
15,20,-9.898806746719108,0.4996584269986555,-2.684523649597327,-0.0577429011957146,1,1.0
15,30,-10.24537664954708,0.5163927626760605,-2.9290232500718862,-0.0721439732906128,1,1.0
15,10,-2.898646754627891,0.5396191262954125,0.3835484206439555,0.0686159750437607,10,0.001
15,20,-3.310478839726137,0.4850533345783355,0.2242840162659475,0.0442141740759378,10,0.001
15,30,-3.5536867682075624,0.4543576013491458,0.1178204094288206,0.0303297577292136,10,0.001
15,10,-2.8707940614934717,0.5404709865128193,0.4511062520080238,0.0732117286439311,10,0.01
15,20,-3.31258720177919,0.4763805581558168,0.2092140062859848,0.0424442264885499,10,0.01
15,30,-3.599183298130925,0.4380777835351144,0.0468429517431337,0.0252317760337476,10,0.01
15,10,-2.94870429967888,0.5459104396762572,0.4232195208124947,0.0728752323479325,10,0.1
15,20,-3.435102647175005,0.4751623000715713,0.1807397730367769,0.0419902983442151,10,0.1
15,30,-3.6750627976224575,0.4260516161731299,0.0013962957129038,0.0243178256623371,10,0.1
15,10,-4.81689158394069,0.5542915249866666,-0.221972654172417,0.0713268146264068,10,0.5
15,20,-5.928241718703611,0.468702498450982,-1.0959905851728846,0.002447653346649,10,0.5
15,30,-6.412781698102719,0.4482307680846225,-1.4909232068395688,-0.020136573441495,10,0.5
15,10,-8.064645835796734,0.4725968062982046,-1.372782627604891,0.0154134427221976,10,1.0
15,20,-9.02706513723638,0.4932669313614345,-2.123379468852007,-0.0314280403837056,10,1.0
15,30,-9.47136924027502,0.503352829403172,-2.4493619493122254,-0.0527590295237164,10,1.0
15,10,-3.0573810925882645,0.5511745860925482,0.4114268300574261,0.0703116023507015,50,0.001
15,20,-3.517601461060426,0.4796410230723565,0.1450991270201858,0.0424568639860527,50,0.001
15,30,-3.897175734430357,0.4413278591466791,-0.086302088200823,0.0256393689764148,50,0.001
15,10,-3.177279639436867,0.5388072910542508,0.3654273171889755,0.073726644738274,50,0.01
15,20,-3.7244165314909847,0.4679898437297657,-0.088753989457223,0.0333359777153361,50,0.01
15,30,-3.942621447108353,0.4380557414118149,-0.1896321054247955,0.0208328437123231,50,0.01
15,10,-3.3258630178238264,0.511698057641642,0.216618893188554,0.0630315348536395,50,0.1
15,20,-3.733541955867709,0.461888516877307,-0.039333805140062,0.0382466814360285,50,0.1
15,30,-4.188140155270533,0.4209119074381681,-0.3309332483470425,0.0193805952322286,50,0.1
15,10,-5.068063293529362,0.523371102915731,-0.4092242104937396,0.0442721517905963,50,0.5
15,20,-5.607461991313328,0.4811978186981779,-0.8302931556247543,0.0055017634373877,50,0.5
15,30,-6.076951581840731,0.4598075085405788,-1.1209771190230882,-0.0118673518520729,50,0.5
15,10,-8.948553079340254,0.4377099257156088,-2.2111549850054217,-0.0127411942383676,50,1.0
15,20,-9.77724304750664,0.4904101183052839,-2.745315878821254,-0.0541931682089053,50,1.0
15,30,-10.230278915853216,0.5140641181703516,-2.955888690141962,-0.0734898485298118,50,1.0
15,10,-3.218156889939642,0.544386632512691,0.3009387859140605,0.0704686287953673,100,0.001
15,20,-3.647629785153477,0.4783976748831334,0.0344859062961553,0.0398081224992609,100,0.001
15,30,-3.8518179468033256,0.4432529146439922,-0.1542963142264531,0.0214482236271758,100,0.001
15,10,-3.0593194402280792,0.5384355254662101,0.3646633562957769,0.0710093553797225,100,0.01
15,20,-3.304808489668352,0.4659893409994425,0.2005180568589682,0.039053200388521,100,0.01
15,30,-3.671291800764529,0.4396870754524408,0.079138802102122,0.0286353372652513,100,0.01
15,10,-3.024997262104676,0.5287355833244831,0.3371014445765546,0.062235306263405,100,0.1
15,20,-3.410817826562799,0.4673269296731605,0.1768119538127046,0.0390106210691326,100,0.1
15,30,-3.625842644410412,0.4384199927476624,0.0542081498319534,0.0265900401883063,100,0.1
15,10,-5.210164489444054,0.5090367320414282,-0.5118658299000212,0.0439498537803712,100,0.5
15,20,-5.72795725823776,0.4816364502976709,-0.9122241660336978,0.00489951206082,100,0.5
15,30,-6.223563688233368,0.46193462551764,-1.1904481874464277,-0.0140278700566634,100,0.5
15,10,-8.005662642513625,0.437183837552398,-1.8869363401284105,0.0065960290249135,100,1.0
15,20,-8.485639183713221,0.5002302570493197,-2.216537763500203,-0.0200937686070947,100,1.0
15,30,-9.038659467407284,0.502627132970794,-2.575387723855867,-0.0487026488819748,100,1.0
15,10,-3.0339232339042392,0.5455137428818848,0.3396270951923739,0.0712416844788197,250,0.001
15,20,-3.472890544919132,0.4909206229622502,0.2281335837600164,0.0471787875261695,250,0.001
15,30,-3.771707542572592,0.4419813185361476,-0.0253019697163467,0.0270108146850852,250,0.001
15,10,-3.066944065040157,0.5190349171963777,0.3455338046520979,0.0651075005907585,250,0.01
15,20,-3.383314707635688,0.4543795029242399,0.1980932930275468,0.0381469646634568,250,0.01
15,30,-3.6902253936131424,0.4225995217060087,0.0243938044881857,0.0242475029054387,250,0.01
15,10,-2.95295080037661,0.5289699222127704,0.3852137997168702,0.0684106807040893,250,0.1
15,20,-3.50627721271357,0.4566197580790619,0.1543687815489374,0.038630509727899,250,0.1
15,30,-3.942172170017964,0.4240298061647158,-0.1676231772961034,0.0169567313029407,250,0.1
15,10,-3.0942340409282374,0.6121719978260448,1.241050557328981,0.166757184513209,250,0.5
15,20,-4.174881086448129,0.512302604644369,0.0042731157471243,0.0755580317662432,250,0.5
15,30,-5.157470121286907,0.4344934377678288,-0.8286488847824016,0.0199888377118576,250,0.5
15,10,-8.923523850369277,0.4239146920746361,-2.681016652066927,-0.0589278968333416,250,1.0
15,20,-9.29094667773153,0.4510561510405498,-2.954203589152848,-0.0782131639192174,250,1.0
15,30,-9.76932432403375,0.4855805948459665,-3.1952012053314847,-0.0920606416631507,250,1.0
20,10,-3.102370256978275,0.5734258408725421,0.4343850220681945,0.0808972689777726,1,0.001
20,20,-3.624712491364968,0.477510729765808,0.0507504232026003,0.0416149550225246,1,0.001
20,30,-3.8837244916951392,0.4395877504938069,-0.114790159529496,0.0265414451334761,1,0.001
20,10,-3.2123107763031875,0.5380626566757439,0.3508842826925959,0.069040213491549,1,0.01
20,20,-3.616780982794907,0.4754990515486811,0.0940926344991918,0.0415243110618999,1,0.01
20,30,-4.041509757088824,0.42813602240751,-0.185624297443901,0.023536887423012,1,0.01
20,10,-3.841817498200455,0.5528779711387547,0.18275708447574,0.0688107605671883,1,0.1
20,20,-4.166367095483858,0.5027366790169874,-0.0495424638039965,0.0370913400095262,1,0.1
20,30,-4.531619784199616,0.4699978377289996,-0.2873036798506851,0.0184924718804841,1,0.1
20,10,-6.6549181577037215,0.5648116309092226,-0.5137322909779851,0.0931975108841023,1,0.5
20,20,-7.313596025674431,0.5502000563237549,-1.2424088023811146,0.0333090143556517,1,0.5
20,30,-8.054853661694763,0.5194322730640932,-1.901597208481216,-0.0103095703102942,1,0.5
20,10,-11.52121265635267,0.3992578748742901,-3.532810065698218,-0.1070072795719162,1,1.0
20,20,-11.758580358998149,0.5034750715709546,-3.5969774883525654,-0.1118381778914658,1,1.0
20,30,-11.83754295473663,0.547783272006941,-3.585877422053772,-0.1137851672503222,1,1.0
20,10,-3.1968217828605026,0.5536933396309152,0.3077233317230156,0.0700967954701392,10,0.001
20,20,-3.6841440186842407,0.5053490617937136,0.1037707903969615,0.0473555316116963,10,0.001
20,30,-3.932246985893845,0.4640636995677815,-0.1153954975377037,0.0271195016478065,10,0.001
20,10,-2.992507225544116,0.5564452404093692,0.465509230422563,0.0771545160850187,10,0.01
20,20,-3.3820164178724603,0.487323001175154,0.2598334415806845,0.0457745429437027,10,0.01
20,30,-3.815183633775541,0.4444395858686342,-0.0122830123873,0.0269609351985585,10,0.01
20,10,-3.565736670331751,0.5482608747695824,0.2264469351287842,0.0675167945778914,10,0.1
20,20,-4.137729547712447,0.4716766640644832,-0.2713378751998699,0.0269793824503165,10,0.1
20,30,-4.468855593052851,0.4309552093614883,-0.5221714468381262,0.0108123370691363,10,0.1
20,10,-6.535840009117869,0.5478594643702902,-0.90913692118848,0.0510475670282381,10,0.5
20,20,-7.40560565453242,0.5116557339455199,-1.5883155334673604,0.000540689490532,10,0.5
20,30,-7.800873463329637,0.4925801425520297,-1.9635448457095173,-0.0268806324863259,10,0.5
20,10,-10.50336247884876,0.4551188692090769,-2.595593254715303,-0.0409079310907534,10,1.0
20,20,-10.980585215245975,0.5347688082822291,-3.017787857111908,-0.07105110445445,10,1.0
20,30,-11.43677666151208,0.5696535347973383,-3.2981759170733715,-0.0880536075745455,10,1.0
20,10,-3.041077238063082,0.5471228029425897,0.3964878968198306,0.072378218896356,50,0.001
20,20,-3.5520789652349856,0.4707991494048221,0.0556786483041935,0.0378586991863714,50,0.001
20,30,-3.941730070847876,0.4407653180154628,-0.1253635403323162,0.0240989232656888,50,0.001
20,10,-3.373325603876073,0.5434953600523353,0.2836206258789102,0.069825010403594,50,0.01
20,20,-3.717535996166115,0.4735284359807316,0.0394448115294205,0.0402729870028547,50,0.01
20,30,-4.183333367622023,0.4239246511839982,-0.3087819451092993,0.0165347405023675,50,0.01
20,10,-3.2159165221457378,0.5441983833210489,0.3385512936134145,0.0733133280388928,50,0.1
20,20,-3.653950965283986,0.4788962913895804,0.1267290594008914,0.0450125231311924,50,0.1
20,30,-3.9834571077959504,0.4279811207507438,-0.1452930858668144,0.023690340301248,50,0.1
20,10,-7.281449697158763,0.5137355739580796,-1.2860097129712322,0.0324926596997898,50,0.5
20,20,-7.85295899074432,0.5219278220769366,-1.906655994137644,-0.0175143886255539,50,0.5
20,30,-8.471081935292872,0.5023470031959311,-2.361193617341649,-0.0477181992223299,50,0.5
20,10,-10.970622214433522,0.4038993623963984,-3.3942099692407184,-0.0922467540340117,50,1.0
20,20,-11.504801618949026,0.510591656189862,-3.5951793877803477,-0.1094865934469604,50,1.0
20,30,-11.705861792484765,0.5528282636755676,-3.627769503134528,-0.1152113513724218,50,1.0
20,10,-3.364343643747909,0.5260941112764487,0.1426904212993857,0.0593074111485509,100,0.001
20,20,-3.910621734073228,0.4690493214456552,-0.0934966716141256,0.0376839955821275,100,0.001
20,30,-4.21885808350897,0.4349563702740363,-0.2988481430848221,0.0222132082097954,100,0.001
20,10,-3.164594973627465,0.5463313732527245,0.3713225373036893,0.0686682984933882,100,0.01
20,20,-3.694800579329319,0.4822538346670816,0.0758856300186787,0.0418324839183672,100,0.01
20,30,-3.9551122735528126,0.4417442864116426,-0.1192017361099368,0.0236861167179912,100,0.01
20,10,-3.1671394150227585,0.5642153155310292,0.4263068294172957,0.0795395199298344,100,0.1
20,20,-3.808125856318034,0.4859548078194822,0.0300134314993922,0.0438736206854035,100,0.1
20,30,-4.177771836081229,0.4253520297849579,-0.2896558749258111,0.0204392552942564,100,0.1
20,10,-4.676253422363213,0.5921998057580051,0.4968122964503226,0.1389075392458951,100,0.5
20,20,-6.0051186850357485,0.5166524944798804,-0.8660150391183642,0.0405295506530199,100,0.5
20,30,-7.177360433248109,0.4631135672758758,-1.7698775475707271,-0.0151297642247792,100,0.5
20,10,-10.337193970213942,0.3903829347141058,-3.01278575229715,-0.0509656840913201,100,1.0
20,20,-11.06645707107088,0.5127975157676026,-3.275107967943897,-0.0809077844262512,100,1.0
20,30,-11.449004602703756,0.5656516266981859,-3.4488467827583227,-0.0965254211776229,100,1.0
20,10,-3.204713784294312,0.5395119551386063,0.2550814215540045,0.0667057765064906,250,0.001
20,20,-3.777291395767992,0.4812559984463968,-0.0478419186820335,0.0381376679499516,250,0.001
20,30,-4.065637069675545,0.4515517761571942,-0.181917466765396,0.0260680638432113,250,0.001
20,10,-3.0252241671187705,0.5376976121623671,0.4199296813188052,0.0698432881311154,250,0.01
20,20,-3.4520276792319686,0.4804017692527515,0.2298634341390092,0.0447543350386439,250,0.01
20,30,-3.830046809591699,0.4336566406611963,-0.001712292308494,0.0261171722303926,250,0.01
20,10,-3.1086405496023586,0.5523014093030705,0.5094851515279983,0.0814146668690001,250,0.1
20,20,-3.4995211537894617,0.4830008521448738,0.242360938075867,0.0480671598035933,250,0.1
20,30,-3.86860867915919,0.435107033384069,-0.015847823502802,0.0274068783374603,250,0.1
20,10,-6.851108657132864,0.4986140306309757,-1.4175999685465084,0.0299848605235168,250,0.5
20,20,-7.744040361654681,0.4773505292538196,-2.151252346374324,-0.0238777568835564,250,0.5
20,30,-8.17765993083329,0.4618396042404112,-2.4743881893894097,-0.0492638863387064,250,0.5
20,10,-10.163040957055976,0.4391881050173397,-3.3040413669392827,-0.0601970829746507,250,1.0
20,20,-10.67961327728954,0.4954498547044388,-3.6104676663614574,-0.0877640493502576,250,1.0
20,30,-11.184413016922456,0.5354138507269868,-3.776693890987036,-0.101768726638172,250,1.0
25,10,-2.9846806600736424,0.5683836783162332,0.502957769264582,0.0837792543344981,1,0.001
25,20,-3.496840426692393,0.4997123397859317,0.2449836471545472,0.0494200907380629,1,0.001
25,30,-3.868135799294444,0.4626120884991886,0.0355952620204252,0.0323260099667199,1,0.001
25,10,-3.072693446567964,0.5539526679472018,0.4261190711903497,0.0762498406898725,1,0.01
25,20,-3.5216872857685098,0.5031265287235224,0.2829091910316897,0.0522128046515915,1,0.01
25,30,-3.832943051369317,0.4519164823351889,0.0261603922458789,0.0296998922064839,1,0.01
25,10,-3.184734908321543,0.5799040638589774,0.6103825411298234,0.0995874381081857,1,0.1
25,20,-3.761393248591617,0.5121849076784857,0.1331356470438328,0.0562793306341121,1,0.1
25,30,-4.4016664463958985,0.4495537922585805,-0.3784783711490203,0.0218108005030925,1,0.1
25,10,-8.27653579687818,0.5423704244719537,-1.2261296758694848,0.0513214161319119,1,0.5
25,20,-9.012639131158878,0.553699111556136,-2.092333178199399,-0.0164281174361876,1,0.5
25,30,-9.6080516563184,0.5489353893503337,-2.5880939436873507,-0.0485248059258818,1,0.5
25,10,-11.840104994278136,0.4253311431715966,-3.2921119190104333,-0.0801005545744212,1,1.0
25,20,-12.19770004713547,0.5394488094344924,-3.587466869991716,-0.1011158092400735,1,1.0
25,30,-12.573377580014078,0.5881735883578848,-3.7784483242859777,-0.1128615518176722,1,1.0
25,10,-2.991997453277554,0.5551735861222977,0.4519367506922868,0.0753035460550054,10,0.001
25,20,-3.744268663295943,0.503103805471888,0.0562539714073745,0.0430623785877005,10,0.001
25,30,-4.062362590792241,0.4636415384737118,-0.1322177743457227,0.0262748114413638,10,0.001
25,10,-3.243200540051422,0.5418975052378013,0.3491615881683078,0.0706486196457012,10,0.01
25,20,-3.6598115913309375,0.4833306647991178,0.1178411145843014,0.043632844238675,10,0.01
25,30,-4.005598442598565,0.4376099004685776,-0.1441262691096385,0.0238013302506113,10,0.01
25,10,-3.479469962519482,0.562946406302564,0.35395014762019,0.085433927338812,10,0.1
25,20,-3.844848968277807,0.5034961413526501,0.0849532990632054,0.0548086747853906,10,0.1
25,30,-4.214316445198235,0.4444793343508998,-0.2818575158071499,0.0268341818111178,10,0.1
25,10,-9.068049924407468,0.4724820469915872,-1.9948187741567305,-0.0098085587684153,10,0.5
25,20,-9.706064447451196,0.5019394034299891,-2.602798103884865,-0.0553389096474651,10,0.5
25,30,-10.094575515128389,0.5215271972836955,-2.866125932719837,-0.0712961533388545,10,0.5
25,10,-12.138407326109943,0.4337555919678766,-3.4777708057433925,-0.0853243512248632,10,1.0
25,20,-12.675830898788728,0.5543865162998508,-3.795105082122823,-0.1073018270009367,10,1.0
25,30,-12.93686706361192,0.603080303526934,-3.908434919386744,-0.1166565213804715,10,1.0
25,10,-3.258663831760481,0.5614871334322246,0.3602921992893967,0.0813516838134388,50,0.001
25,20,-3.7857250122974393,0.4931657917700733,0.0571637431197828,0.0469721587098419,50,0.001
25,30,-4.16984613809856,0.4616059588381656,-0.1970198972038266,0.0272150634623837,50,0.001
25,10,-3.297512650090151,0.5507106568561886,0.3078712145287618,0.0758807043022388,50,0.01
25,20,-3.7363783228605127,0.4870157669075572,0.0345323654778298,0.0468361868418987,50,0.01
25,30,-4.144958874486602,0.4396631792181435,-0.2680389195592002,0.0248904973500937,50,0.01
25,10,-3.2395254917743266,0.5730678760631112,0.4805397322187455,0.0854291073689332,50,0.1
25,20,-3.765393466227548,0.495357747702789,0.1280730482814088,0.0494912035501063,50,0.1
25,30,-4.305293766648779,0.4324372300026818,-0.3400428531308023,0.020587018790241,50,0.1
25,10,-8.747367344884243,0.5016000121675591,-1.742793267402634,0.0139514393677907,50,0.5
25,20,-9.302010608225151,0.539562363557216,-2.4573156304623027,-0.0426550663494802,50,0.5
25,30,-9.859583030717538,0.5441293537337542,-2.8034988556203357,-0.068369594665458,50,0.5
25,10,-11.924954314030716,0.3883996834314711,-3.669063422043428,-0.0894404138811139,50,1.0
25,20,-12.446388097604247,0.5288623367941316,-3.854555262315202,-0.113186188498896,50,1.0
25,30,-12.64621559795724,0.5902002456171271,-3.909262645693896,-0.1213382875660827,50,1.0
25,10,-3.154468935880546,0.5411303285721764,0.3605957026953783,0.0687304306063604,100,0.001
25,20,-3.731515416653592,0.477282922311165,0.0909541038946474,0.0431576627624172,100,0.001
25,30,-4.263650802285851,0.4343470828329653,-0.2556499970542113,0.0235118336910539,100,0.001
25,10,-3.065668001901776,0.5432448099261381,0.4094208730004889,0.0690532389067343,100,0.01
25,20,-3.487530709627385,0.4862389720367537,0.2148418893383181,0.0455124383129578,100,0.01
25,30,-3.8922693112132976,0.4404607514207764,-0.0603638859716603,0.0259077495989421,100,0.01
25,10,-3.210963245676929,0.5734655671099237,0.5605525158597335,0.0978309295715234,100,0.1
25,20,-3.766966398919941,0.4978611186285274,0.0895957914970016,0.0552135906760897,100,0.1
25,30,-4.328527811723232,0.4421438887042987,-0.3013055117950236,0.0275222415354454,100,0.1
25,10,-8.76643516952551,0.4499855279660519,-2.2218528094427428,-0.013291677531473,100,0.5
25,20,-9.672219518344097,0.5055069888299628,-2.7573624651801767,-0.0560569196897181,100,0.5
25,30,-10.15348914482662,0.5228413795407313,-3.06739002234025,-0.0776866141494293,100,0.5
25,10,-11.891588853398558,0.3536104691475005,-4.170574990367992,-0.1028646869625307,100,1.0
25,20,-12.538880694126622,0.5053871999946034,-4.551879829321724,-0.1400145635949055,100,1.0
25,30,-12.928666393131346,0.5674515187754658,-4.462339013583641,-0.1435411267639632,100,1.0
25,10,-3.670924422297327,0.5302966044931045,0.1268799212148607,0.0665604499175738,250,0.001
25,20,-4.184081190115532,0.4652688416897984,-0.2089387487529217,0.0373783335596937,250,0.001
25,30,-4.613614752966871,0.4228266308829064,-0.5340915147727041,0.0175068983796776,250,0.001
25,10,-3.154875738325494,0.5563768537126637,0.4242929458324831,0.0795911252682975,250,0.01
25,20,-3.926080974673458,0.474946623231969,-0.0261901523833878,0.0423629567468174,250,0.01
25,30,-4.404038295326919,0.4215047973751045,-0.472825455581486,0.0133562054165574,250,0.01
25,10,-3.5030905875568816,0.5586798100595425,0.3264384788581856,0.0857557180735666,250,0.1
25,20,-3.992148844973845,0.4878987947863262,-0.0399174777419677,0.0450978345584527,250,0.1
25,30,-4.321879987442902,0.443293710697151,-0.2916243617947152,0.0239357280990443,250,0.1
25,10,-7.513261436530303,0.4885227530417195,-1.3217038897473696,0.0549694279736592,250,0.5
25,20,-8.699725675565745,0.5104870907274993,-2.3485695799592574,-0.0249765522878086,250,0.5
25,30,-9.36538870112159,0.5120295098083321,-2.7525873190108765,-0.0553603290694555,250,0.5
25,10,-11.350241729460242,0.3819222519483358,-3.848750252142251,-0.0815191970064751,250,1.0
25,20,-11.846536714469147,0.489645961603565,-4.098802832293526,-0.1062387623916992,250,1.0
25,30,-12.24999605522175,0.5614706296043626,-4.249192320063662,-0.1206124622816596,250,1.0
30,10,-3.2802405809414665,0.5758888166121306,0.4450979387681667,0.0888529501966826,1,0.001
30,20,-3.7004073520858594,0.5121136179041623,0.0934153885001261,0.0534053499649343,1,0.001
30,30,-4.197862156893619,0.4551297516685271,-0.3026604355791745,0.0248984268426098,1,0.001
30,10,-3.512513854636104,0.5447190073482852,0.1624835363886673,0.0670644404965255,1,0.01
30,20,-3.9869738731956352,0.4796250195419286,-0.0698431671927286,0.041272410875064,1,0.01
30,30,-4.3121067155694295,0.4426481634875182,-0.3154919736348655,0.0229804020187612,1,0.01
30,10,-4.006171875788547,0.5844582644540359,0.2808652532845797,0.0897198303278274,1,0.1
30,20,-4.423514305324004,0.5062658008277959,-0.1573752488338461,0.041976159183572,1,0.1
30,30,-4.90985799081384,0.4580472796458856,-0.5122202945092859,0.0173871046780391,1,0.1
30,10,-9.838500430067771,0.5012501377227776,-2.102139392042616,-0.0004674308061254,1,0.5
30,20,-10.661844538746788,0.5497900131238743,-2.96788634306842,-0.0646607565416067,1,0.5
30,30,-11.225981639911796,0.5651929900714113,-3.369576919965985,-0.0906096036236022,1,0.5
30,10,-13.239928028730208,0.4149290787574101,-4.0016807004742825,-0.1072623447186156,1,1.0
30,20,-13.443958161296695,0.5609840253249644,-4.137269172511165,-0.1212551445744388,1,1.0
30,30,-13.568739159330685,0.6233520461538501,-4.162047056289824,-0.1264006045700189,1,1.0
30,10,-3.3061244246336843,0.5697580913616308,0.3867779496529164,0.0839941312773703,10,0.001
30,20,-3.8877183365857513,0.4911396045609859,-0.0873132825619655,0.0434607252510311,10,0.001
30,30,-4.3265614805301,0.451754044501533,-0.3791251772533678,0.0216902675039819,10,0.001
30,10,-3.248339408989984,0.5717847988706197,0.5059705315207808,0.086277516569321,10,0.01
30,20,-3.684301281404669,0.4919189915318845,0.1667582004967246,0.049371625517453,10,0.01
30,30,-4.0706248774913965,0.4403522042258431,-0.1403504652907574,0.0269371687533988,10,0.01
30,10,-4.240025423247506,0.5712925351502974,0.056669779060505,0.0833928820158028,10,0.1
30,20,-4.830456459024991,0.4913395881195795,-0.408437596314279,0.0381150406955012,10,0.1
30,30,-5.236348845287815,0.4400850191459752,-0.7594190159050093,0.0125460576176196,10,0.1
30,10,-10.006966706278858,0.4737808652559259,-2.25882773899938,-0.019800856057995,10,0.5
30,20,-10.73587975032448,0.5345478658382096,-2.869625948003322,-0.059490602966929,10,0.5
30,30,-11.211913063835928,0.5530461057460175,-3.256861492588036,-0.0840922378697405,10,0.5
30,10,-13.156690149297424,0.40662027226024,-4.095529762338313,-0.1178984898702157,10,1.0
30,20,-13.373452218729913,0.5538568946726227,-4.213237430740148,-0.1320579157736675,10,1.0
30,30,-13.572970892655714,0.6173603739688718,-4.255890729888112,-0.1370851347227005,10,1.0
30,10,-3.263084564211103,0.5633937542652415,0.3905765027764883,0.0797821822780911,50,0.001
30,20,-3.8944976465124217,0.4893884650645289,-0.0584799789437054,0.0413531797363737,50,0.001
30,30,-4.325165716348581,0.4470359996045306,-0.3391296221092486,0.021109242821754,50,0.001
30,10,-3.786424536696349,0.5380626740324199,0.1227549418600366,0.073640133647196,50,0.01
30,20,-4.274471029081354,0.4713154224450203,-0.1942406706221473,0.0424453227405266,50,0.01
30,30,-4.669054784114053,0.425205259552684,-0.5419506939259411,0.0175780993041269,50,0.01
30,10,-3.845619143589969,0.5680358670416948,0.2255671413104778,0.0908824193628681,50,0.1
30,20,-4.502368393553047,0.4896097693660586,-0.2705401017627234,0.0461758624495721,50,0.1
30,30,-4.969439608000581,0.4391119092977558,-0.7326817467545662,0.0129809063656041,50,0.1
30,10,-10.254495810661911,0.4613310072794717,-2.690361390012901,-0.0335962333593216,50,0.5
30,20,-10.72796768873227,0.5327575371255813,-3.06461112282645,-0.0691318134489489,50,0.5
30,30,-11.206869500790328,0.550934244366222,-3.413289227872718,-0.093430523370108,50,0.5
30,10,-12.531610296758828,0.3953354786855972,-3.928188360230111,-0.1020876485469206,50,1.0
30,20,-13.069105603491886,0.5382637470826273,-4.171671256553518,-0.1252262784575077,50,1.0
30,30,-13.418068809166522,0.6015907022341125,-4.301770775746692,-0.1352402655543383,50,1.0
30,10,-3.847590917295712,0.5310412140920838,-0.0970893201174396,0.0609492204844528,100,0.001
30,20,-4.174973733214,0.4825812518787242,-0.2392881376997331,0.0367162555275979,100,0.001
30,30,-4.6238014648231305,0.4411594032368777,-0.4951857115775985,0.0190638570081088,100,0.001
30,10,-3.2856839909255617,0.5688206213039055,0.3898386818562925,0.083293964016597,100,0.01
30,20,-3.759155696407776,0.4915904171882163,0.057725302708019,0.0438602642982442,100,0.01
30,30,-4.066846828230668,0.4400546715166473,-0.1888564424032063,0.0224651116540555,100,0.01
30,10,-3.498283327375601,0.5664554827694239,0.3718290746196756,0.0876961383685162,100,0.1
30,20,-4.149988314895558,0.4906668358642501,-0.1088902974807401,0.0471074308648012,100,0.1
30,30,-4.684871901795492,0.4316920070945797,-0.504466968995912,0.0199768951966711,100,0.1
30,10,-9.248401979326264,0.4836261190905204,-2.225391593684268,-0.0006250230487679,100,0.5
30,20,-9.868125913210768,0.5592891636812953,-2.674337957414524,-0.0426676558556483,100,0.5
30,30,-10.44537731591876,0.5606429132455222,-3.010674031395832,-0.0692727217965614,100,0.5
30,10,-12.70791402246427,0.3649286637209244,-3.936876549218035,-0.1019599801274632,100,1.0
30,20,-13.244346371553004,0.5373706010484792,-4.306815818645132,-0.1313351578291271,100,1.0
30,30,-13.55455216448358,0.6122807475717568,-4.374015596259822,-0.1397229823357693,100,1.0
30,10,-3.283237521537698,0.5654289993308357,0.3653794943475348,0.0799845794651612,250,0.001
30,20,-3.79440754458995,0.4964293032911351,0.0665907370696661,0.0463945388786082,250,0.001
30,30,-4.159805915332126,0.4507485319514385,-0.1991055474540596,0.0265007761737232,250,0.001
30,10,-3.488166190605697,0.5437574857076842,0.0995652215104721,0.0665840134640626,250,0.01
30,20,-4.014903811212767,0.482800664765721,-0.1284321820828579,0.0393987418718308,250,0.01
30,30,-4.489948772896393,0.4417402615384607,-0.4831777161418402,0.0164031249661569,250,0.01
30,10,-3.615529788318248,0.5643335255676075,0.2773819909384495,0.0873660586870855,250,0.1
30,20,-4.0948936664587325,0.4884017723951316,-0.0601772255596521,0.0488362481435656,250,0.1
30,30,-4.566811755320243,0.4272171000850748,-0.4457342774016522,0.021343509974512,250,0.1
30,10,-9.17202355833594,0.4542854798209829,-2.4049714260750736,-0.0030662194560548,250,0.5
30,20,-10.070083317113356,0.5382501492996129,-2.9577495600183448,-0.0524680155522662,250,0.5
30,30,-10.594956610506935,0.5495003915132983,-3.3260134044571683,-0.0831416247518744,250,0.5
30,10,-12.255416627087282,0.3608101795959209,-4.28025378256186,-0.1055523005101323,250,1.0
30,20,-12.842622736718152,0.5075770346907934,-4.557469352187553,-0.1323694343245687,250,1.0
30,30,-13.263493196046031,0.5772039385401437,-4.589898359938088,-0.141896965717177,250,1.0
35,10,-3.558791055669757,0.5458658398738342,0.170948240561435,0.0734846921210374,1,0.001
35,20,-3.905211227215621,0.4863463031372619,-0.0126096320319482,0.0455479818136879,1,0.001
35,30,-4.395575146255312,0.4473737750106072,-0.3317138094412097,0.0233289351191331,1,0.001
35,10,-3.206567578249737,0.5698230721163583,0.4483801022767333,0.08570738648306,1,0.01
35,20,-3.791830836069377,0.4895715917786387,0.0175880199948359,0.0433609244686654,1,0.01
35,30,-4.3919628865860645,0.4394617075172575,-0.382020792834145,0.0195039397403331,1,0.01
35,10,-4.273347224461814,0.576779549533735,0.1008510872986522,0.0916130640718674,1,0.1
35,20,-4.851356721310252,0.5148904610589531,-0.3790686255418574,0.0458022455802415,1,0.1
35,30,-5.559742354229802,0.4509328854472739,-1.0202015824138062,0.00329036366461,1,0.1
35,10,-11.014339234590492,0.4671904646689902,-2.817380373372101,-0.048803935345612,1,0.5
35,20,-11.743208619909453,0.5482166876111823,-3.4615342947531107,-0.0912907392731408,1,0.5
35,30,-12.152463552435876,0.5707339960848138,-3.802726590480056,-0.1135190855399398,1,0.5
35,10,-13.709386417502078,0.409779884840677,-4.181354625013046,-0.1225752086414527,1,1.0
35,20,-14.026740036070144,0.5612288269415497,-4.401038616044382,-0.1381221157360524,1,1.0
35,30,-14.173338744319729,0.6243455707909563,-4.441484833610167,-0.1430831792106287,1,1.0
35,10,-3.466917693009357,0.566163656511491,0.315634055702235,0.084917060823304,10,0.001
35,20,-3.953597764682431,0.49768553026768,-0.0392230918761359,0.0500740335837875,10,0.001
35,30,-4.40929612715935,0.4560159499189196,-0.3674324969476132,0.0261929582757019,10,0.001
35,10,-3.600778891879298,0.5441545212216192,0.2232518396527985,0.0738615455004467,10,0.01
35,20,-4.036754547926676,0.4823399741687704,-0.0629236600508721,0.0442822174828514,10,0.01
35,30,-4.534665978199346,0.4365653272937131,-0.4097275891775442,0.0210185475054624,10,0.01
35,10,-3.8757796963648654,0.5857768827290971,0.3497658864941635,0.1056518373485288,10,0.1
35,20,-4.729437233704414,0.4874966510619429,-0.4848913130632504,0.0381505398317538,10,0.1
35,30,-5.355306609342284,0.4288422621654715,-0.9931902568406996,0.0054898398442433,10,0.1
35,10,-10.327134960469843,0.4790542902433599,-2.4969707436071404,-0.0237284923233347,10,0.5
35,20,-10.88328483814476,0.5538440560668613,-2.992652671662495,-0.0634745770677271,10,0.5
35,30,-11.259453041893524,0.5705705253539821,-3.331915324140262,-0.0862631757224386,10,0.5
35,10,-14.369156217550747,0.3725921443785671,-4.723085520749645,-0.1520175943151634,10,1.0
35,20,-14.537180971869278,0.5537441610788859,-4.758827924701128,-0.1556691209246657,10,1.0
35,30,-14.71098004424599,0.6194980973912375,-4.797167282788742,-0.1612354123132301,10,1.0
35,10,-3.1252947580567576,0.5819073825600548,0.5040794591770562,0.0863758884841162,50,0.001
35,20,-3.605591552739999,0.5060408573256752,0.2031190965467448,0.0503712844677963,50,0.001
35,30,-4.037290642435451,0.4536477881454592,-0.1010517586925243,0.0284382366913458,50,0.001
35,10,-3.364028840555032,0.561110995795187,0.2897029412370095,0.077684349394812,50,0.01
35,20,-3.920198945605605,0.4791407803275684,-0.0596362131676871,0.0408837019515224,50,0.01
35,30,-4.370686321072473,0.433523676145084,-0.3406166176359495,0.0214127541946381,50,0.01
35,10,-3.875521100382184,0.5646228989607383,0.2162558298348335,0.0857515719673605,50,0.1
35,20,-4.568406739617703,0.4667158316348938,-0.3485837932940952,0.0385214658882861,50,0.1
35,30,-4.988038228079061,0.4162496868381249,-0.7107877088826373,0.012766942632405,50,0.1
35,10,-10.777853930267318,0.4629772720839358,-2.782758508017749,-0.0357932185467008,50,0.5
35,20,-11.418445300726578,0.5496176832612666,-3.3128151023831958,-0.0797954008851953,50,0.5
35,30,-11.734859538730792,0.5806022716284771,-3.546115010737576,-0.098624286653673,50,0.5
35,10,-13.141099367274007,0.3854362286657491,-4.257457215470725,-0.1112011548797385,50,1.0
35,20,-13.639588880487423,0.5446322307884471,-4.420396011887359,-0.1332254921871565,50,1.0
35,30,-13.843849909370142,0.618620387665076,-4.433471435249905,-0.1386354580002516,50,1.0
35,10,-3.392536388827406,0.5601077045812418,0.2600999103417997,0.0813312027824814,100,0.001
35,20,-3.86859892049403,0.4967146501397042,-0.0231842845228646,0.0476745488392732,100,0.001
35,30,-4.3753343169683205,0.4476026510351867,-0.4140480887209829,0.019012860218588,100,0.001
35,10,-3.4005647891207063,0.5630606030873762,0.330384550797453,0.0841450755134644,100,0.01
35,20,-4.020265983223935,0.490629319487812,-0.083892508340089,0.0475371769037197,100,0.01
35,30,-4.42701017815597,0.4335813965012957,-0.4174942326492895,0.0211318249996772,100,0.01
35,10,-3.4134612130659265,0.6015218059236748,0.6600250157273262,0.1164073412410406,100,0.1
35,20,-4.181730214242977,0.5060996893892548,0.0252639519785374,0.0630249265274727,100,0.1
35,30,-4.90676309263749,0.4272938783970354,-0.6296860940015072,0.0197627877772592,100,0.1
35,10,-11.424000864308232,0.4053986646454418,-3.454204415377853,-0.0764008442896708,100,0.5
35,20,-12.15595055539834,0.5392840706638858,-3.831487072297546,-0.1098032366197973,100,0.5
35,30,-12.342669469170216,0.5824478308004905,-3.87726676414258,-0.1197425444238086,100,0.5
35,10,-13.143106338608032,0.3826631583351306,-4.310602424295005,-0.1185666748953278,100,1.0
35,20,-13.724061548802847,0.5410104333811769,-4.5364482455197805,-0.1411835562151079,100,1.0
35,30,-13.989858681590174,0.6127699125162231,-4.5876504822139,-0.1479117851411286,100,1.0
35,10,-3.290167018655662,0.5848024990272976,0.458642330448928,0.0932046949270754,250,0.001
35,20,-3.843987851638001,0.5025935141480998,-0.006196551693038,0.0489256095502757,250,0.001
35,30,-4.421877612077814,0.4560976515558402,-0.4214797284840165,0.0200889415844047,250,0.001
35,10,-3.2644596837337434,0.5781453389869193,0.4459541964776375,0.0865682906357246,250,0.01
35,20,-3.74361260137516,0.4920297357718408,0.099327788294342,0.0459654693911699,250,0.01
35,30,-4.168930574457264,0.4339760165193619,-0.2236798463676039,0.022298373742456,250,0.01
35,10,-3.592904891373909,0.5829383724870395,0.4154656311236439,0.0987588000473002,250,0.1
35,20,-4.203453503271168,0.5037901198715421,-0.0388692500852983,0.0562851984162621,250,0.1
35,30,-4.805423490482926,0.436736287256012,-0.5933725335774904,0.0202255225508521,250,0.1
35,10,-11.55912951454964,0.3775032362892915,-3.962920495850689,-0.0950428253690864,250,0.5
35,20,-12.358769400388942,0.4984662673943808,-4.401819059863342,-0.132425236910827,250,0.5
35,30,-12.62973318708305,0.5630360643504302,-4.388081621983862,-0.1404601697993866,250,0.5
35,10,-12.8783552753968,0.3475248662092059,-4.834361789936264,-0.1302095460566198,250,1.0
35,20,-13.558672022449365,0.51456769847149,-4.928314817788266,-0.14994140006963,250,1.0
35,30,-13.869162733462126,0.5909006183231497,-4.878457877442383,-0.1555255371635148,250,1.0
40,10,-3.1887911082927416,0.5734669072594454,0.4455481236160005,0.083075443374878,1,0.001
40,20,-3.864556675511936,0.5033771507463877,0.0526187412868294,0.0486059323210357,1,0.001
40,30,-4.319825637005822,0.4546657878062708,-0.3061168981514548,0.0242264459262264,1,0.001
40,10,-3.5045294434788743,0.5569731308986591,0.28615264640746,0.0836548072125972,1,0.01
40,20,-3.975079874271517,0.4859402780504952,-0.0400668205210038,0.0494282252381376,1,0.01
40,30,-4.446775859559706,0.432917154813866,-0.402336349914122,0.0217365475956879,1,0.01
40,10,-4.242607407311577,0.5859630480588656,0.2277468676885397,0.1084594620755881,1,0.1
40,20,-5.188537408314117,0.4970124632697379,-0.6313001186779029,0.0418560324623432,1,0.1
40,30,-5.87587261467357,0.4292723487773381,-1.2745157704563652,-0.0009593024632745,1,0.1
40,10,-11.06766945723914,0.4714622028172123,-2.732875208426557,-0.0365271989847379,1,0.5
40,20,-11.613349644660126,0.5560642801272031,-3.3051295218834547,-0.0789849323305401,1,0.5
40,30,-12.077019167360724,0.5744749022134478,-3.6662902707760874,-0.1030353858462715,1,0.5
40,10,-14.8059234728309,0.3857894237331963,-4.806170819567332,-0.1552718671415425,1,1.0
40,20,-15.04785172174122,0.5638718036752666,-4.958460800216677,-0.1675148864886762,1,1.0
40,30,-15.138068448231849,0.640857318585797,-4.934095345491829,-0.16922052571792,1,1.0
40,10,-3.8804029272736953,0.5587105024339174,-0.0593023226190664,0.0699102075834111,10,0.001
40,20,-4.452682373060494,0.4825342632204411,-0.4590480223437836,0.0337692527159773,10,0.001
40,30,-4.769506432873486,0.4487212549416406,-0.6953480706348986,0.0136562226706738,10,0.001
40,10,-3.2752884293533624,0.5653544293367188,0.3794991354924552,0.0805082008419488,10,0.01
40,20,-3.86334324972269,0.4846084944577195,0.0307545087669312,0.0445214207942206,10,0.01
40,30,-4.302307507760958,0.4305129993755668,-0.3227292405885905,0.0211139193943792,10,0.01
40,10,-4.576221341758232,0.5888707381721823,-0.0707347472953478,0.0894247278105667,10,0.1
40,20,-5.079722768467073,0.4970236371263251,-0.6860592522854777,0.0323211802034618,10,0.1
40,30,-5.845191401725196,0.4377367737461977,-1.2774796013516578,-0.0037613935894825,10,0.1
40,10,-11.428176091992675,0.4699136005043917,-3.019057067498001,-0.0449407115116386,10,0.5
40,20,-12.134528650654245,0.5546760177072473,-3.604769261531556,-0.0879043840735334,10,0.5
40,30,-12.57096802847744,0.5831656696837497,-3.9660465934821474,-0.1124370030498691,10,0.5
40,10,-14.102595441954312,0.3871787422884537,-4.469779112282356,-0.1391803774444133,10,1.0
40,20,-14.392255158673034,0.5637499078496168,-4.651744702831908,-0.1523066773799314,10,1.0
40,30,-14.471511855746732,0.6352178195306648,-4.614496892928327,-0.1538750816498399,10,1.0
40,10,-3.1392464565107385,0.6002182459888299,0.6454292267202353,0.1097816057328401,50,0.001
40,20,-3.945098109971509,0.5210805967238308,0.0860385146647672,0.0623962585758045,50,0.001
40,30,-4.476518620914783,0.4576224748582844,-0.3987291402332427,0.0265603689281145,50,0.001
40,10,-3.3405308798873654,0.5648152162338329,0.3824757026079498,0.0833746909617631,50,0.01
40,20,-4.002245940817624,0.4892041177920783,-0.0298699216814935,0.0471209011617678,50,0.01
40,30,-4.5237602899250415,0.4325102678229438,-0.4469355613489978,0.0206260439023575,50,0.01
40,10,-3.7030243439549095,0.6140044961138844,0.5354570829602691,0.1198301663261846,50,0.1
40,20,-4.7086106192042685,0.4980798775592946,-0.4088386811191318,0.0453711236593251,50,0.1
40,30,-5.369675303031864,0.4341421595005664,-0.9884053646729418,0.0078916935635944,50,0.1
40,10,-11.18085921546283,0.462438790880638,-2.978063258845608,-0.0465938871183262,50,0.5
40,20,-12.062850461090587,0.5485033039224021,-3.617066683343962,-0.0932388365936086,50,0.5
40,30,-12.54337629751669,0.5875254740790675,-3.91901332208998,-0.1128007776721538,50,0.5
40,10,-13.773976640861315,0.3768007894161683,-4.3184105029443645,-0.1263866086162957,50,1.0
40,20,-14.140899609755197,0.5501748753211521,-4.584012756280323,-0.1455747669244019,50,1.0
40,30,-14.305809561214556,0.617936118492626,-4.615639399448166,-0.1513085019833765,50,1.0
40,10,-3.282779573939871,0.5888767222840064,0.5813992250069309,0.1012644947408057,100,0.001
40,20,-3.8512369760147394,0.5029162838177059,0.039268738207528,0.0522440845473198,100,0.001
40,30,-4.412420522842145,0.4528644073035943,-0.3076177729614317,0.027510821017897,100,0.001
40,10,-3.427973245975381,0.5800505534016009,0.3839008218358174,0.0880635346280364,100,0.01
40,20,-3.986495658161837,0.4872563067089139,-0.0532645658828802,0.0456725181116178,100,0.01
40,30,-4.358371116694438,0.4333610057255509,-0.3784173573163943,0.0201309247467652,100,0.01
40,10,-4.369659234665964,0.5670264753563201,-0.0432308015925416,0.0925149708670461,100,0.1
40,20,-5.081548728042221,0.4900992311087186,-0.6790317115182554,0.0377072228839048,100,0.1
40,30,-5.749743742690161,0.4378067267255572,-1.2205540559948005,0.001395525011531,100,0.1
40,10,-11.310603664434094,0.4136805351836064,-3.157372343195804,-0.0513389210103749,100,0.5
40,20,-11.97904339970616,0.5296791635596605,-3.705993861259427,-0.0977968533804743,100,0.5
40,30,-12.292445760407116,0.5727287110750717,-3.8561956143240095,-0.1114777361277418,100,0.5
40,10,-13.733643299001434,0.3832195297576782,-4.657310572186145,-0.1339566225189911,100,1.0
40,20,-14.177832726254518,0.5508638036543922,-4.788581818856776,-0.1518700746769554,100,1.0
40,30,-14.324185346305764,0.6199608492230496,-4.731935232418941,-0.1548781697208045,100,1.0
40,10,-3.332380187756803,0.5745318798573853,0.4118032114169861,0.0905403871189765,250,0.001
40,20,-3.923734535559224,0.5089345379532626,0.0712475688773001,0.0548947392133085,250,0.001
40,30,-4.382459504795109,0.459838407010028,-0.2721116901109272,0.0308349363436126,250,0.001
40,10,-3.479009926398299,0.5625116869061602,0.2211773969745723,0.0768980552310018,250,0.01
40,20,-4.041351203685409,0.4926374359245949,-0.1035927086445656,0.0457393518726799,250,0.01
40,30,-4.44614916298548,0.4366700964577061,-0.4150048698579852,0.020594550655361,250,0.01
40,10,-3.8789622964420696,0.5805357452768689,0.3276623642000071,0.0992382143693979,250,0.1
40,20,-4.66795452355979,0.4822162087045476,-0.4429849416710677,0.0371836921090973,250,0.1
40,30,-5.332566584815741,0.4276945618891997,-0.918007207126836,0.0078604609183493,250,0.1
40,10,-11.17157972224154,0.421389396192516,-3.4821348298748207,-0.0561453605239466,250,0.5
40,20,-12.088346604378676,0.523799008654955,-3.984160935868636,-0.1049342901621527,250,0.5
40,30,-12.557660071388016,0.5715044263045546,-4.225638408932274,-0.1264729042932144,250,0.5
40,10,-13.541748519230548,0.3316425082646863,-5.246322917363081,-0.1467829582256687,250,1.0
40,20,-14.35944422565947,0.5104511166566948,-5.330138417089575,-0.1679338643257427,250,1.0
40,30,-14.66076615663371,0.600528993403384,-5.316192519060074,-0.1743127616028405,250,1.0
45,10,-3.679006458221994,0.5616697935839242,0.1774891251777751,0.0779654252330144,1,0.001
45,20,-4.097047631555537,0.4923632517710068,-0.131587063227194,0.0423273172897933,1,0.001
45,30,-4.58664540313518,0.4361378230694595,-0.4861253881025507,0.0184855734370445,1,0.001
45,10,-3.684885383342969,0.5560178884404964,0.1023283101139067,0.0771800189403793,1,0.01
45,20,-4.071530846818631,0.4900027912085842,-0.1188076360377008,0.046045576418003,1,0.01
45,30,-4.518120064078159,0.4388663747552266,-0.4503636867916492,0.0211076444186982,1,0.01
45,10,-4.442658232212008,0.5803793749249446,0.0467832480197009,0.0923024687994101,1,0.1
45,20,-5.605224995939028,0.4781739375952009,-0.9329421704523452,0.0271780671453747,1,0.1
45,30,-6.331212409449075,0.42709428896375,-1.5441977826416209,-0.0110043354516672,1,0.1
45,10,-12.407208645736407,0.4477702577284249,-3.451211123321948,-0.0759246330743723,1,0.5
45,20,-12.902885966295043,0.5671447119654704,-3.957628292833317,-0.1129507525199601,1,0.5
45,30,-13.302591412499348,0.6070811217318717,-4.234866977850442,-0.1315957946224503,1,0.5
45,10,-14.53732339087102,0.3957588480183951,-4.624923748783768,-0.1449687014460833,1,1.0
45,20,-14.756679620400748,0.5673389014004009,-4.769671518509096,-0.1561903105931426,1,1.0
45,30,-14.886245393518248,0.6391276402228869,-4.772555005439457,-0.1587843948992141,1,1.0
45,10,-3.801026863955393,0.5523283156544446,0.0916926625235197,0.0748370099830233,10,0.001
45,20,-4.207202410565568,0.4818121658153761,-0.2057506463105662,0.0393838873702742,10,0.001
45,30,-4.7418179108505205,0.4431335275580881,-0.5957957078611131,0.0151043914662909,10,0.001
45,10,-3.579646979025207,0.5569107617775148,0.2849604196819642,0.0844072340992737,10,0.01
45,20,-4.068604017515688,0.480160296291113,-0.1521633136331067,0.0425520956446533,10,0.01
45,30,-4.603150471937695,0.4274229236383811,-0.5624003108465219,0.0152153730509459,10,0.01
45,10,-4.834023708661184,0.5592698195706075,-0.3255408926518001,0.0818380115749516,10,0.1
45,20,-5.616136907149144,0.4805994472445769,-1.0701053893046877,0.0230578085632683,10,0.1
45,30,-6.297418570667482,0.4303131501126077,-1.6371164493239847,-0.0132634109911303,10,0.1
45,10,-12.430351571022314,0.4414897845538054,-3.4992540120558613,-0.079719770591051,10,0.5
45,20,-12.97517607183886,0.5559652364627975,-4.054267381890649,-0.1197167208650141,10,0.5
45,30,-13.284265053876164,0.6043341789287114,-4.240173912485793,-0.1344637902406412,10,0.5
45,10,-14.549681327440323,0.3907594908286586,-4.700211917056475,-0.1479818849263095,10,1.0
45,20,-14.758283370450986,0.5650995404153825,-4.80626756500126,-0.1572411266186919,10,1.0
45,30,-14.863427905553293,0.6377919475554537,-4.791873797332634,-0.1597864087321988,10,1.0
45,10,-3.613162249914002,0.5634988510030018,0.2215130203991497,0.0778465961764551,50,0.001
45,20,-4.064138802341352,0.4901048843756829,-0.1285362048619358,0.0397807875252523,50,0.001
45,30,-4.545272484392885,0.4529947782067094,-0.4590047083907878,0.0171755151083408,50,0.001
45,10,-3.4350953609128982,0.559564915312031,0.2892628841719565,0.0767551449421057,50,0.01
45,20,-3.994714419655443,0.4780909041274819,-0.0225025341573153,0.0438017962445441,50,0.01
45,30,-4.511405820483974,0.4239689484736941,-0.4213868477139231,0.0184448866992963,50,0.01
45,10,-4.415903021488534,0.5737143762750452,0.0138200709022593,0.0967769616610081,50,0.1
45,20,-5.303148654714042,0.476483656972809,-0.6981595018405458,0.0389764905316144,50,0.1
45,30,-6.018378539433268,0.4095194993620213,-1.3732914206640583,-0.0030218107871589,50,0.1
45,10,-11.68033269736684,0.4465172211043894,-3.22286758677515,-0.0609959197335391,50,0.5
45,20,-12.360253730277062,0.5573749112767381,-3.8222876341797902,-0.1040121305788127,50,0.5
45,30,-12.78980044805983,0.5862301110826464,-4.091218313294273,-0.1242521494569175,50,0.5
45,10,-14.415138836055608,0.3755723910800874,-4.860317358163636,-0.1519048588356049,50,1.0
45,20,-14.655936020427458,0.5589328545905455,-4.860522079702019,-0.1610928144150432,50,1.0
45,30,-14.779710053700049,0.6349477329466986,-4.826394307673729,-0.1633318551581939,50,1.0
45,10,-3.507231183600997,0.5683678580630043,0.2997612717381975,0.0810203124043279,100,0.001
45,20,-4.081638954158985,0.490426089418376,-0.1095788189945256,0.0414777364880061,100,0.001
45,30,-4.5446300673641415,0.4461862108166968,-0.4413626981902656,0.0190083654956328,100,0.001
45,10,-3.4584926770277598,0.5755199700437122,0.3961255567168733,0.0949018106516943,100,0.01
45,20,-3.936431198568079,0.4962406580547349,-0.0125551739386509,0.0514081220090089,100,0.01
45,30,-4.488469570222749,0.4454304398968671,-0.4162539630618234,0.0227834979356508,100,0.01
45,10,-3.964430849166996,0.5917739242893834,0.3171123881439321,0.1077240088485907,100,0.1
45,20,-4.906476131291731,0.4792022029810875,-0.5339040940322243,0.045135416370475,100,0.1
45,30,-5.761358751884012,0.4185470318745785,-1.2232937471298049,0.0036563539557331,100,0.1
45,10,-11.509183575817088,0.4435592452261966,-3.302613784803398,-0.0577537515145472,100,0.5
45,20,-12.383729173653682,0.5497820745337301,-3.8704114399573952,-0.1057004490838244,100,0.5
45,30,-12.898414916975788,0.5813665412943337,-4.2212296900029775,-0.129656962007451,100,0.5
45,10,-13.560894828983017,0.38008158584928,-4.551466604130003,-0.1259982669219704,100,1.0
45,20,-13.991669812250125,0.5523974047636339,-4.687443298539729,-0.1455005236406587,100,1.0
45,30,-14.148214238388125,0.6184714901800356,-4.652960632398044,-0.1492842610822687,100,1.0
45,10,-3.384371246700742,0.5790421799962265,0.4043302586242955,0.0930202946771295,250,0.001
45,20,-3.995642731896656,0.5123291296169766,0.0298897586121145,0.0567912145119684,250,0.001
45,30,-4.56252059311165,0.459177802666981,-0.4070446793254219,0.026679055712196,250,0.001
45,10,-3.4945420720514075,0.5853532317610387,0.4389870373831726,0.1011791148050287,250,0.01
45,20,-3.985799264300729,0.4993764266430505,-0.034553350803506,0.0516624875774122,250,0.01
45,30,-4.583351104241214,0.4406459056102038,-0.4933626598332329,0.0197756641148566,250,0.01
45,10,-3.9341853101297626,0.608193168738784,0.5192678544522956,0.1241363131679864,250,0.1
45,20,-4.709398011340761,0.5199339824638364,-0.2863173738215454,0.0567733216340518,250,0.1
45,30,-5.737231274318277,0.4337244116006361,-1.1657250251202824,0.0043226307199238,250,0.1
45,10,-11.467319621386586,0.4106469984183429,-3.644384245338728,-0.067824634378257,250,0.5
45,20,-12.490232377988669,0.5241111851992477,-4.261027827564463,-0.1169468746872043,250,0.5
45,30,-12.898602609199058,0.578809394124359,-4.403416154537272,-0.1340792929479557,250,0.5
45,10,-13.75764827872785,0.335209002248843,-4.966446166016359,-0.1388218768711058,250,1.0
45,20,-14.453853042028072,0.5276571634434525,-5.142523073004623,-0.1628425158240534,250,1.0
45,30,-14.690273939756684,0.6143461401093,-5.101836855528357,-0.1680953304715454,250,1.0
50,10,-3.526180859996773,0.5821716954050659,0.4089410705208386,0.0966813974384396,1,0.001
50,20,-4.139932940560218,0.4951641299470272,-0.0930975902975825,0.050592517280348,1,0.001
50,30,-4.638177542462963,0.4475693594527068,-0.4916539973887684,0.0214627719883842,1,0.001
50,10,-3.3667899841216045,0.5835342083214671,0.4939382563153615,0.1015124146095025,1,0.01
50,20,-3.983633292352308,0.4921068423335796,0.0213712282026479,0.052033377485313,1,0.01
50,30,-4.519313396700377,0.4335792547509117,-0.4490709631710227,0.0197563256129188,1,0.01
50,10,-4.736231972643388,0.5822384509571314,0.0511407969368718,0.1048573500157616,1,0.1
50,20,-5.421406719536327,0.4920629380277202,-0.769969526958508,0.0388490050088683,1,0.1
50,30,-6.485664005100823,0.4285233618707151,-1.5932825360307108,-0.0078116819441221,1,0.1
50,10,-12.345055590298497,0.4494010895124263,-3.413709442927636,-0.0725193558982688,1,0.5
50,20,-12.756227055306356,0.57062388836204,-3.819399067951754,-0.1034133890550123,1,0.5
50,30,-13.0914947444438,0.6073767426075669,-4.091938315521246,-0.1234296833958524,1,0.5
50,10,-15.038906076122466,0.3882265648633108,-4.930894929435103,-0.161071405456165,1,1.0
50,20,-15.18687363217295,0.5743528234858303,-4.996391433355607,-0.1682585140165308,1,1.0
50,30,-15.262569716904649,0.6521606552448779,-4.946234692469412,-0.1684958551159614,1,1.0
50,10,-3.423398134057265,0.5777076571975432,0.413747023512277,0.0899451091411625,10,0.001
50,20,-4.010137500330792,0.4985361047558302,-0.0608847701994719,0.047023928805481,10,0.001
50,30,-4.491153038848575,0.4507342716374424,-0.4438921120630399,0.0204870733850784,10,0.001
50,10,-3.3386683734018345,0.5792452984799545,0.5078922381382873,0.0957431968889695,10,0.01
50,20,-3.8984379491729793,0.491126006988565,0.0599191707112421,0.0516605992274388,10,0.01
50,30,-4.403848192730536,0.4341378632915678,-0.3484270608704907,0.0229506375239149,10,0.01
50,10,-4.77997877706084,0.5529724739815424,-0.2852089158064947,0.0818055892187657,10,0.1
50,20,-5.748259271740526,0.4752590484358186,-1.1019733929725837,0.0231874357649681,10,0.1
50,30,-6.682247258425609,0.4171210498979538,-1.853550452378825,-0.0206597275972012,10,0.1
50,10,-13.04812122294128,0.4271967639147662,-3.855875084073521,-0.0980177162291788,10,0.5
50,20,-13.531076553591168,0.5561405979197436,-4.308443961214259,-0.1316515711081472,10,0.5
50,30,-13.769816075457642,0.6070922023673768,-4.426103077313823,-0.1407682468682512,10,0.5
50,10,-14.708010929653453,0.3876082253019403,-4.8259062031867925,-0.154322520360872,10,1.0
50,20,-15.068081325672706,0.5665316077884761,-5.000232894476148,-0.1665314677560001,10,1.0
50,30,-15.174139578732344,0.6414104196395471,-4.966251772548054,-0.1678021161873934,10,1.0
50,10,-3.340235094578404,0.5885362692536985,0.5069060567664577,0.0936029793014632,50,0.001
50,20,-3.975367469455256,0.5018675605504452,0.0161774709954259,0.0482581266983911,50,0.001
50,30,-4.522350412820989,0.4487639534469912,-0.393836232586945,0.0234276564551957,50,0.001
50,10,-3.456999095295119,0.5883948512597758,0.4717114759479449,0.0958310534633779,50,0.01
50,20,-3.8972432304795865,0.502083983373391,0.0641288961039269,0.0529429095998148,50,0.01
50,30,-4.428709809029397,0.4480324522708876,-0.327154887159314,0.0260235024085372,50,0.01
50,10,-4.206209518814748,0.5942980258840825,0.2494002624798554,0.1138192244679715,50,0.1
50,20,-5.471193821416807,0.48508437872614,-0.8369076169901788,0.0395922928391008,50,0.1
50,30,-6.267657038698904,0.424011106923365,-1.550826028723149,-0.0068980646125276,50,0.1
50,10,-12.010071820826123,0.4501752924336751,-3.3304929361040387,-0.0619371108673052,50,0.5
50,20,-12.725986066749131,0.5567783727084019,-3.962546069746329,-0.1075709815355771,50,0.5
50,30,-13.133271062450692,0.5989959848608227,-4.216777857830952,-0.1269519481150643,50,0.5
50,10,-14.49655253519778,0.3538797592251431,-4.806669345818055,-0.1491800166025298,50,1.0
50,20,-14.959092652103386,0.5600788642361565,-5.045643064368208,-0.1681977985275514,50,1.0
50,30,-15.0939761429432,0.6414371668852735,-5.023235814342372,-0.1711435375079847,50,1.0
50,10,-3.3091941382324297,0.5849667208600693,0.4694629937206849,0.0912951029165042,100,0.001
50,20,-4.013342450039563,0.515021705648954,-0.048540186057911,0.0490251177616547,100,0.001
50,30,-4.545971753239062,0.4599284250552881,-0.4619009734055425,0.0215608631865398,100,0.001
50,10,-3.45085824426466,0.5870694554255068,0.4981941856963087,0.105444937766879,100,0.01
50,20,-4.092087112126501,0.5002792559535378,-0.0574068114988741,0.0545448744192992,100,0.01
50,30,-4.592948107253623,0.4435604516190662,-0.4986680669843245,0.0214958280317674,100,0.01
50,10,-4.457836180800272,0.6006333608219595,0.2946353075571498,0.1191674655868786,100,0.1
50,20,-5.466463223317447,0.4944275185609228,-0.8203224828244919,0.0361321545999283,100,0.1
50,30,-6.411385099635826,0.4380535706144289,-1.6053292374904942,-0.0098796211368895,100,0.1
50,10,-12.599545954663478,0.4220724750839142,-3.7790495212960553,-0.0826413031380577,100,0.5
50,20,-13.25805771155021,0.5518370927913709,-4.29628478831627,-0.1255494309591166,100,0.5
50,30,-13.528590590670133,0.6052275406448372,-4.4196559584326405,-0.1385976347704878,100,0.5
50,10,-14.376553678598745,0.3613620919201493,-4.979322656401839,-0.1513392869103577,100,1.0
50,20,-14.845488596489645,0.5530479835805212,-5.051361866923313,-0.1661783522185209,100,1.0
50,30,-14.965559987493323,0.6336793347339896,-4.988864167321172,-0.1674103049812081,100,1.0
50,10,-3.1914455749182777,0.5838301224231266,0.636596122209638,0.1015718073825655,250,0.001
50,20,-3.950441021876725,0.5034697483593326,0.0062690354869957,0.0496759723173993,250,0.001
50,30,-4.524561097455301,0.4440030698435551,-0.4230901517023738,0.0213450731516593,250,0.001
50,10,-3.440964240159561,0.5742181622488627,0.4179311150787202,0.0899034945890434,250,0.01
50,20,-3.903766095155678,0.4887898160620406,-0.0297473983639904,0.0448249425801035,250,0.01
50,30,-4.449156862242492,0.4345545417571236,-0.4484892509496679,0.0173554009004698,250,0.01
50,10,-4.737327931226997,0.5657758604528019,-0.1350624968454445,0.093100812487625,250,0.1
50,20,-5.241634997720769,0.4803213796312008,-0.8471884210073547,0.0322537804227271,250,0.1
50,30,-6.1262045421874936,0.4176294405424726,-1.5507871249552805,-0.00844026759997,250,0.1
50,10,-11.84268889346657,0.4295413009442415,-3.860437725883813,-0.0719246083311822,250,0.5
50,20,-12.682679840537062,0.5530067571179207,-4.189703614001073,-0.1127129194108186,250,0.5
50,30,-13.085400409547852,0.5982221236467509,-4.368417308982842,-0.1308888289175073,250,0.5
50,10,-14.224096349161682,0.3121446922302004,-5.467096488296797,-0.1586345011411552,250,1.0
50,20,-15.023146984451476,0.5310329692643478,-5.615575361117664,-0.1825721504949725,250,1.0
50,30,-15.283521561458285,0.6233316450708662,-5.493771170850875,-0.1847923013367974,250,1.0
